[
  {
    "model": "catalogue.component",
    "pk": 1,
    "fields": {
      "created": "2020-10-28T11:42:29.546Z",
      "created_by": 1,
      "lastmodified_at": "2020-12-10T12:24:13.873Z",
      "published": true
    }
  },
  {
    "model": "catalogue.component",
    "pk": 2,
    "fields": {
      "created": "2020-12-08T21:39:53.747Z",
      "created_by": 1,
      "lastmodified_at": "2020-12-08T21:39:53.747Z",
      "published": true
    }
  },
  {
    "model": "catalogue.component",
    "pk": 3,
    "fields": {
      "created": "2020-12-10T12:27:30.947Z",
      "created_by": 1,
      "lastmodified_at": "2020-12-10T12:27:40.626Z",
      "published": true
    }
  },
  {
    "model": "catalogue.applicationprofile",
    "pk": 1,
    "fields": {
      "component": 1,
      "product": "Quia nemo qui consequatur nihil sunt rerum nemo. Et delectus suscipit inventore vel pariatur ullam. Ex nulla quia voluptas et. Velit nihil quod quia.\r\n\r\nAliquid omnis est omnis explicabo nam et dolores. Vitae amet voluptatibus et perspiciatis. Vel dolore quod voluptas voluptas quis earum laudantium expedita. Asperiores animi occaecati est ut nihil fugit. Sunt qui aut autem dolor. Dolorem temporibus vero natus illo inventore provident ab.Quia nemo qui consequatur nihil sunt rerum nemo. Et delectus suscipit inventore vel pariatur ullam. Ex nulla quia voluptas et. Velit nihil quod quia.\r\n\r\nAliquid omnis est omnis explicabo nam et dolores. Vitae amet voluptatibus et perspiciatis. Vel dolore quod voluptas voluptas quis earum laudantium expedita. Asperiores animi occaecati est ut nihil fugit. Sunt qui aut autem dolor. Dolorem temporibus vero natus illo inventore provident ab."
    }
  },
  {
    "model": "catalogue.applicationprofile",
    "pk": 2,
    "fields": {
      "component": 2,
      "product": "Quia nemo qui consequatur nihil sunt rerum nemo. Et delectus suscipit inventore vel pariatur ullam. Ex nulla quia voluptas et. Velit nihil quod quia.\r\n\r\nAliquid omnis est omnis explicabo nam et dolores. Vitae amet voluptatibus et perspiciatis. Vel dolore quod voluptas voluptas quis earum laudantium expedita. Asperiores animi occaecati est ut nihil fugit. Sunt qui aut autem dolor. Dolorem temporibus vero natus illo inventore provident ab."
    }
  },
  {
    "model": "catalogue.applicationprofile",
    "pk": 3,
    "fields": {
      "component": 3,
      "product": "Quia nemo qui consequatur nihil sunt rerum nemo. Et delectus suscipit inventore vel pariatur ullam. Ex nulla quia voluptas et. Velit nihil quod quia.\r\n\r\nAliquid omnis est omnis explicabo nam et dolores. Vitae amet voluptatibus et perspiciatis. Vel dolore quod voluptas voluptas quis earum laudantium expedita. Asperiores animi occaecati est ut nihil fugit. Sunt qui aut autem dolor. Dolorem temporibus vero natus illo inventore provident ab.Quia nemo qui consequatur nihil sunt rerum nemo. Et delectus suscipit inventore vel pariatur ullam. Ex nulla quia voluptas et. Velit nihil quod quia.\r\n\r\nAliquid omnis est omnis explicabo nam et dolores. Vitae amet voluptatibus et perspiciatis. Vel dolore quod voluptas voluptas quis earum laudantium expedita. Asperiores animi occaecati est ut nihil fugit. Sunt qui aut autem dolor. Dolorem temporibus vero natus illo inventore provident ab."
    }
  },
  {
    "model": "catalogue.corporatedivision",
    "pk": 1,
    "fields": {
      "application_profile": 1,
      "name": "DD"
    }
  },
  {
    "model": "catalogue.corporatedivision",
    "pk": 2,
    "fields": {
      "application_profile": 2,
      "name": "MA"
    }
  },
  {
    "model": "catalogue.corporatedivision",
    "pk": 3,
    "fields": {
      "application_profile": 3,
      "name": "PA"
    }
  },
  {
    "model": "catalogue.hierarchylevel",
    "pk": 1,
    "fields": {
      "application_profile": 1,
      "name": "CD"
    }
  },
  {
    "model": "catalogue.hierarchylevel",
    "pk": 2,
    "fields": {
      "application_profile": 2,
      "name": "ST"
    }
  },
  {
    "model": "catalogue.hierarchylevel",
    "pk": 3,
    "fields": {
      "application_profile": 3,
      "name": "IP"
    }
  },
  {
    "model": "catalogue.process",
    "pk": 1,
    "fields": {
      "application_profile": 1,
      "name": "PM"
    }
  },
  {
    "model": "catalogue.process",
    "pk": 2,
    "fields": {
      "application_profile": 2,
      "name": "PMSP"
    }
  },
  {
    "model": "catalogue.process",
    "pk": 3,
    "fields": {
      "application_profile": 3,
      "name": "PP"
    }
  },
  {
    "model": "catalogue.branchproven",
    "pk": 1,
    "fields": {
      "application_profile": 1,
      "name": "C24"
    }
  },
  {
    "model": "catalogue.branchproven",
    "pk": 2,
    "fields": {
      "application_profile": 2,
      "name": "C12"
    }
  },
  {
    "model": "catalogue.branchapplicable",
    "pk": 1,
    "fields": {
      "application_profile": 1,
      "name": "C21"
    }
  },
  {
    "model": "catalogue.branchapplicable",
    "pk": 2,
    "fields": {
      "application_profile": 2,
      "name": "C24"
    }
  },
  {
    "model": "catalogue.branchapplicable",
    "pk": 3,
    "fields": {
      "application_profile": 3,
      "name": "C27"
    }
  },
  {
    "model": "catalogue.branchapplicable",
    "pk": 4,
    "fields": {
      "application_profile": 3,
      "name": "C28"
    }
  },
  {
    "model": "catalogue.basedata",
    "pk": 1,
    "fields": {
      "component": 1,
      "name": "ACME Rectifier",
      "trl": 1,
      "description": "Quia nemo qui consequatur nihil sunt rerum nemo. Et delectus suscipit inventore vel pariatur ullam. Ex nulla quia voluptas et. Velit nihil quod quia.\r\n\r\nAliquid omnis est omnis explicabo nam et dolores. Vitae amet voluptatibus et perspiciatis. Vel dolore quod voluptas voluptas quis earum laudantium expedita. Asperiores animi occaecati est ut nihil fugit. Sunt qui aut autem dolor. Dolorem temporibus vero natus illo inventore provident ab."
    }
  },
  {
    "model": "catalogue.basedata",
    "pk": 2,
    "fields": {
      "component": 2,
      "name": "Bitcoin Materializer",
      "trl": 4,
      "description": "Quia nemo qui consequatur nihil sunt rerum nemo. Et delectus suscipit inventore vel pariatur ullam. Ex nulla quia voluptas et. Velit nihil quod quia.\r\n\r\nAliquid omnis est omnis explicabo nam et dolores. Vitae amet voluptatibus et perspiciatis. Vel dolore quod voluptas voluptas quis earum laudantium expedita. Asperiores animi occaecati est ut nihil fugit. Sunt qui aut autem dolor. Dolorem temporibus vero natus illo inventore provident ab."
    }
  },
  {
    "model": "catalogue.basedata",
    "pk": 3,
    "fields": {
      "component": 3,
      "name": "Cyber Factory Augmentation",
      "trl": 9,
      "description": "Quia nemo qui consequatur nihil sunt rerum nemo. Et delectus suscipit inventore vel pariatur ullam. Ex nulla quia voluptas et. Velit nihil quod quia.\r\n\r\nAliquid omnis est omnis explicabo nam et dolores. Vitae amet voluptatibus et perspiciatis. Vel dolore quod voluptas voluptas quis earum laudantium expedita. Asperiores animi occaecati est ut nihil fugit. Sunt qui aut autem dolor. Dolorem temporibus vero natus illo inventore provident ab."
    }
  },
  {
    "model": "catalogue.task",
    "pk": 1,
    "fields": {
      "base_data": 2,
      "name": "DM"
    }
  },
  {
    "model": "catalogue.task",
    "pk": 2,
    "fields": {
      "base_data": 1,
      "name": "DA"
    }
  },
  {
    "model": "catalogue.task",
    "pk": 3,
    "fields": {
      "base_data": 1,
      "name": "KM"
    }
  },
  {
    "model": "catalogue.task",
    "pk": 4,
    "fields": {
      "base_data": 3,
      "name": "RAS"
    }
  },
  {
    "model": "catalogue.requirements",
    "pk": 1,
    "fields": {
      "component": 1,
      "protocols": "HTTP",
      "it_environment": "NGINX",
      "hardware_requirements": "Nvidia GPU",
      "devices": "3D Printer"
    }
  },
  {
    "model": "catalogue.requirements",
    "pk": 2,
    "fields": {
      "component": 2,
      "protocols": "LDAP",
      "it_environment": "UNIX",
      "hardware_requirements": "Camera",
      "devices": "CNC Fräse"
    }
  },
  {
    "model": "catalogue.requirements",
    "pk": 3,
    "fields": {
      "component": 3,
      "protocols": "REST API",
      "it_environment": "Arduino",
      "hardware_requirements": "ESP8266",
      "devices": "Prusa Mk3"
    }
  },
  {
    "model": "catalogue.source",
    "pk": 1,
    "fields": {
      "component": 1,
      "manufacturer": "ACME Corp.",
      "contact": "",
      "additional_info": "Quia nemo qui consequatur nihil sunt rerum nemo. Et delectus suscipit inventore vel pariatur ullam. Ex nulla quia voluptas et. Velit nihil quod quia.\r\n\r\nAliquid omnis est omnis explicabo nam et dolores. Vitae amet voluptatibus et perspiciatis. Vel dolore quod voluptas voluptas quis earum laudantium expedita. Asperiores animi occaecati est ut nihil fugit. Sunt qui aut autem dolor. Dolorem temporibus vero natus illo inventore provident ab."
    }
  },
  {
    "model": "catalogue.source",
    "pk": 2,
    "fields": {
      "component": 2,
      "manufacturer": "ACME Corp.",
      "contact": "",
      "additional_info": "Quia nemo qui consequatur nihil sunt rerum nemo. Et delectus suscipit inventore vel pariatur ullam. Ex nulla quia voluptas et. Velit nihil quod quia.\r\n\r\nAliquid omnis est omnis explicabo nam et dolores. Vitae amet voluptatibus et perspiciatis. Vel dolore quod voluptas voluptas quis earum laudantium expedita. Asperiores animi occaecati est ut nihil fugit. Sunt qui aut autem dolor. Dolorem temporibus vero natus illo inventore provident ab."
    }
  },
  {
    "model": "catalogue.source",
    "pk": 3,
    "fields": {
      "component": 3,
      "manufacturer": "ACME Corp.",
      "contact": "Quia nemo qui consequatur nihil sunt rerum nemo. Et delectus suscipit inventore vel pariatur ullam. Ex nulla quia voluptas et. Velit nihil quod quia.\r\n\r\nAliquid omnis est omnis explicabo nam et dolores. Vitae amet voluptatibus et perspiciatis. Vel dolore quod voluptas voluptas quis earum laudantium expedita. Asperiores animi occaecati est ut nihil fugit. Sunt qui aut autem dolor. Dolorem temporibus vero natus illo inventore provident ab.",
      "additional_info": "Quia nemo qui consequatur nihil sunt rerum nemo. Et delectus suscipit inventore vel pariatur ullam. Ex nulla quia voluptas et. Velit nihil quod quia.\r\n\r\nAliquid omnis est omnis explicabo nam et dolores. Vitae amet voluptatibus et perspiciatis. Vel dolore quod voluptas voluptas quis earum laudantium expedita. Asperiores animi occaecati est ut nihil fugit. Sunt qui aut autem dolor. Dolorem temporibus vero natus illo inventore provident ab."
    }
  },
  {
    "model": "catalogue.technicalspecification",
    "pk": 1,
    "fields": {
      "component": 1,
      "realtime_processing": 0,
      "data_formats": ""
    }
  },
  {
    "model": "catalogue.technicalspecification",
    "pk": 2,
    "fields": {
      "component": 2,
      "realtime_processing": 2,
      "data_formats": "JPG"
    }
  },
  {
    "model": "catalogue.technicalspecification",
    "pk": 3,
    "fields": {
      "component": 3,
      "realtime_processing": 1,
      "data_formats": "TXT"
    }
  },
  {
    "model": "catalogue.aimethod",
    "pk": 1,
    "fields": {
      "technical_specification": 1,
      "name": "Deep Learning"
    }
  },
  {
    "model": "catalogue.aimethod",
    "pk": 2,
    "fields": {
      "technical_specification": 2,
      "name": "Deep Learning"
    }
  },
  {
    "model": "catalogue.aimethod",
    "pk": 3,
    "fields": {
      "technical_specification": 3,
      "name": "Deep Learning"
    }
  },
  {
    "model": "catalogue.dataanalysisprocess",
    "pk": 1,
    "fields": {
      "technical_specification": 1,
      "name": "DA"
    }
  },
  {
    "model": "catalogue.dataanalysisprocess",
    "pk": 2,
    "fields": {
      "technical_specification": 2,
      "name": "MS"
    }
  },
  {
    "model": "catalogue.dataanalysisprocess",
    "pk": 3,
    "fields": {
      "technical_specification": 3,
      "name": "PC"
    }
  },
  {
    "model": "catalogue.licenses",
    "pk": 1,
    "fields": {
      "technical_specification": 1,
      "type": "OSCL",
      "name": "GPL"
    }
  },
  {
    "model": "catalogue.licenses",
    "pk": 2,
    "fields": {
      "technical_specification": 2,
      "type": "PRO",
      "name": ""
    }
  },
  {
    "model": "catalogue.licenses",
    "pk": 3,
    "fields": {
      "technical_specification": 3,
      "type": "OSCL",
      "name": "MIT"
    }
  },
  {
    "model": "catalogue.use",
    "pk": 1,
    "fields": {
      "component": 1,
      "scenarios": "Quia nemo qui consequatur nihil sunt rerum nemo. Et delectus suscipit inventore vel pariatur ullam. Ex nulla quia voluptas et. Velit nihil quod quia.\r\n\r\nAliquid omnis est omnis explicabo nam et dolores. Vitae amet voluptatibus et perspiciatis. Vel dolore quod voluptas voluptas quis earum laudantium expedita. Asperiores animi occaecati est ut nihil fugit. Sunt qui aut autem dolor. Dolorem temporibus vero natus illo inventore provident ab."
    }
  },
  {
    "model": "catalogue.use",
    "pk": 2,
    "fields": {
      "component": 2,
      "scenarios": "Quia nemo qui consequatur nihil sunt rerum nemo. Et delectus suscipit inventore vel pariatur ullam. Ex nulla quia voluptas et. Velit nihil quod quia.\r\n\r\nAliquid omnis est omnis explicabo nam et dolores. Vitae amet voluptatibus et perspiciatis. Vel dolore quod voluptas voluptas quis earum laudantium expedita. Asperiores animi occaecati est ut nihil fugit. Sunt qui aut autem dolor. Dolorem temporibus vero natus illo inventore provident ab."
    }
  },
  {
    "model": "catalogue.use",
    "pk": 3,
    "fields": {
      "component": 3,
      "scenarios": "Quia nemo qui consequatur nihil sunt rerum nemo. Et delectus suscipit inventore vel pariatur ullam. Ex nulla quia voluptas et. Velit nihil quod quia.\r\n\r\nAliquid omnis est omnis explicabo nam et dolores. Vitae amet voluptatibus et perspiciatis. Vel dolore quod voluptas voluptas quis earum laudantium expedita. Asperiores animi occaecati est ut nihil fugit. Sunt qui aut autem dolor. Dolorem temporibus vero natus illo inventore provident ab.Quia nemo qui consequatur nihil sunt rerum nemo. Et delectus suscipit inventore vel pariatur ullam. Ex nulla quia voluptas et. Velit nihil quod quia.\r\n\r\nAliquid omnis est omnis explicabo nam et dolores. Vitae amet voluptatibus et perspiciatis. Vel dolore quod voluptas voluptas quis earum laudantium expedita. Asperiores animi occaecati est ut nihil fugit. Sunt qui aut autem dolor. Dolorem temporibus vero natus illo inventore provident ab.Quia nemo qui consequatur nihil sunt rerum nemo. Et delectus suscipit inventore vel pariatur ullam. Ex nulla quia voluptas et. Velit nihil quod quia.\r\n\r\nAliquid omnis est omnis explicabo nam et dolores. Vitae amet voluptatibus et perspiciatis. Vel dolore quod voluptas voluptas quis earum laudantium expedita. Asperiores animi occaecati est ut nihil fugit. Sunt qui aut autem dolor. Dolorem temporibus vero natus illo inventore provident ab."
    }
  },
  {
    "model": "catalogue.kpi",
    "pk": 1,
    "fields": {
      "use": 2,
      "type": "Q4"
    }
  },
  {
    "model": "catalogue.kpi",
    "pk": 2,
    "fields": {
      "use": 3,
      "type": "E7"
    }
  },
  {
    "model": "catalogue.profile",
    "pk": 1,
    "fields": {
      "user": 1,
      "company": ""
    }
  },
  {
    "model": "catalogue.profile",
    "pk": 2,
    "fields": {
      "user": 2,
      "company": ""
    }
  },
  {
    "model": "catalogue.profile",
    "pk": 3,
    "fields": {
      "user": 3,
      "company": ""
    }
  }
]